Id,BIRTHDATE,DEATHDATE,SSN,DRIVERS,PASSPORT,PREFIX,FIRSTNAME,FIRST,MIDDLENAME,MIDDLE,LASTNAME,LAST,SUFFIX,MAIDEN,MARITAL,RACE,ETHNICITY,GENDER,BIRTHPLACE,ADDRESS,CITY,STATE,COUNTY,FIPS,ZIP,LAT,LON,HEALTHCARE_EXPENSES,HEALTHCARE_COVERAGE,INCOME
34a210f9-5ce1-ad63-790f-e404455e3e18,1993-11-11,,999-17-3914,S99951712,X60064394X,Mr.,Alexis,Alexis664,Alexis,Alexis664,Heathcote,Heathcote539,,,S,white,nonhispanic,M,Sudbury  Massachusetts  US,417 Jacobs Avenue,Forestdale,Massachusetts,Barnstable County,25001,2644,41.65,-70.48,76578.32,15866.26,71625
0fe22cec-1a19-99da-b67f-7ce364c4cf3e,1987-08-02,,999-31-9665,S99995857,X51132243X,Mrs.,Mariel,Mariel814,Tobi,Tobi258,Lang,Lang846,,Sipes176,M,white,nonhispanic,F,Peabody  Massachusetts  US,644 Dibbert Corner Suite 64,Cambridge,Massachusetts,Middlesex County,25017,2472,42.41,-71.11,146375.89,544097.84,542941
b1f7b5a9-5cf5-6050-b23c-81027f53bdfd,1989-03-05,,999-86-4327,S99989586,X14035271X,Mrs.,Luetta,Luetta803,Zenobia,Zenobia558,Dickens,Dickens475,,Orn563,M,white,nonhispanic,F,Dover  Massachusetts  US,153 Quigley Branch,Walpole,Massachusetts,Norfolk County,25021,2081,42.16,-71.31,173374.13,476542.11,886745
1f2aa6c9-41bd-aa05-9da3-e557d8949816,1993-02-02,,999-34-4274,S99920797,X55368805X,Mrs.,Kittie,Kittie678,Sigrid,Sigrid676,Braun,Braun514,,Lang846,M,white,nonhispanic,F,Acton  Massachusetts  US,895 Doyle Brook Apt 66,Quincy,Massachusetts,Norfolk County,25021,2169,42.30,-71.02,76375.47,647647.36,35850
80e114d1-013b-b546-7aba-17eb360dde04,1999-10-27,,999-36-2412,S99986563,X34475162X,Ms.,Jin,Jin479,Nida,Nida800,Ward,Ward668,,,,white,nonhispanic,F,Stoughton  Massachusetts  US,778 Harvey Annex Unit 36,Williamsburg,Massachusetts,Hampshire County,,0,42.41,-72.69,135954.44,262321.29,149942
bc5d2ab0-ef61-ff19-87cd-0c586ec0422a,1982-06-30,,999-86-9908,S99990829,X32743755X,Mr.,Richie,Richie600,Raphael,Raphael767,Feil,Feil794,,,M,white,nonhispanic,M,Chicopee  Massachusetts  US,156 Padberg Throughway Unit 10,Lawrence,Massachusetts,Essex County,25009,1843,42.75,-71.12,75595.47,25285.73,29650
2c489dce-38c7-4b0a-d7e2-5101383d93a1,2001-12-30,,999-23-9442,S99945082,X81264838X,Mr.,Dino,Dino214,Rigoberto,Rigoberto443,Shanahan,Shanahan202,,,,white,nonhispanic,M,Bellingham  Massachusetts  US,880 Dickens Manor,Boston,Massachusetts,Suffolk County,25025,2126,42.38,-71.02,6709.98,75567.69,3836
bddb802b-a1f0-15c6-0d69-3b7511a9fd5f,2019-11-07,,999-48-7514,,,,Ulysses,Ulysses632,,,McDermott,McDermott739,,,,white,nonhispanic,M,Swampscott  Massachusetts  US,392 Flatley Loaf Unit 10,Reading,Massachusetts,Middlesex County,25017,1867,42.50,-71.09,17205.78,0.00,240908
95559bb7-a9a3-104c-a710-e9a1e22b312e,1977-08-19,,999-92-6076,S99917460,X63180445X,Mrs.,Pauline,Pauline896,Kathlyn,Kathlyn335,Weimann,Weimann465,,Harber290,M,white,nonhispanic,F,Worcester  Massachusetts  US,787 Streich Road,Greenfield,Massachusetts,Franklin County,25011,1301,42.59,-72.65,16428.94,664276.96,13697
446d8007-ae35-2994-77cd-c44d9f4286a6,2007-01-13,,999-69-3816,S99946847,,Ms.,Jadwiga,Jadwiga271,Stephaine,Stephaine613,Gerhold,Gerhold939,,,,white,nonhispanic,F,Lowell  Massachusetts  US,161 Toy Row Unit 54,Southbridge,Massachusetts,Worcester County,25027,1550,42.03,-71.99,3845.86,157388.01,8055
edf2d260-9a0b-7668-ed7b-259b11812e09,1993-02-25,,999-12-5832,S99992311,X89845435X,Ms.,Man,Man114,Nakesha,Nakesha793,Barrows,Barrows492,,,S,white,nonhispanic,F,Brockton  Massachusetts  US,516 Bednar Mill,Pepperell,Massachusetts,Middlesex County,25017,1463,42.63,-71.65,212398.66,281284.26,148883
6f2973d9-7773-34eb-3a71-a52f287fe42c,2009-08-31,,999-98-8229,,,,Nicholas,Nicholas495,Angelo,Angelo118,Gleichner,Gleichner915,,,,white,nonhispanic,M,Franklin  Massachusetts  US,859 Rowe Landing,Braintree,Massachusetts,Norfolk County,25021,2184,42.17,-71.01,45705.51,860.38,141928
64a0ba30-3b8a-2c31-851b-1102c0c7f9f7,1972-02-12,,999-16-9376,S99975223,X59149624X,Mr.,Stanley,Stanley702,Timothy,Timothy142,Effertz,Effertz744,,,M,white,nonhispanic,M,Haverhill  Massachusetts  US,457 Feil Knoll,Norton,Massachusetts,Bristol County,,0,41.98,-71.18,186929.53,581038.15,145669
96f92386-9454-2b53-655e-6d6f05d4bd58,2008-09-12,,999-77-1897,S99920956,,,Derick,Derick144,Earl,Earl438,Crooks,Crooks415,,,,white,nonhispanic,M,Brockton  Massachusetts  US,652 Windler Flat,Tyngsborough,Massachusetts,Middlesex County,,0,42.71,-71.46,26627.69,26345.96,179284
3061298e-7645-88b5-5ec8-35026a6abaf1,2004-04-21,,999-34-2486,S99936988,X59759274X,Mr.,Jack,Jack927,Winfred,Winfred745,Hessel,Hessel84,,,,black,nonhispanic,M,Springfield  Massachusetts  US,691 Romaguera Loaf,Newton,Massachusetts,Middlesex County,25017,2472,42.31,-71.20,29275.97,747052.40,45926
1165246e-1413-ae86-80b6-8762fda9cdb5,1979-01-07,,999-30-7101,S99933674,X85143377X,Mrs.,Corine,Corine538,Tasha,Tasha327,Ledner,Ledner144,,Cruickshank494,M,white,nonhispanic,F,Holbrook  Massachusetts  US,240 Dicki Landing,Norfolk,Massachusetts,Norfolk County,,0,42.16,-71.31,211692.26,342202.59,168746
8a47af1c-1473-972e-d546-e343ce406498,1956-01-17,,999-27-2597,S99973040,X4497729X,Mr.,Mervin,Mervin111,Carmine,Carmine137,Bradtke,Bradtke547,,,M,white,nonhispanic,M,Fall River  Massachusetts  US,299 Block Byway Suite 68,Franklin,Massachusetts,Norfolk County,25021,2038,42.03,-71.42,158108.01,51410.04,160226
04bdf784-d292-2362-940a-22c7b4670801,1977-04-07,,999-90-9165,S99936470,X60360272X,Mr.,Eduardo,Eduardo902,Elton,Elton404,Herzog,Herzog843,,,M,asian,nonhispanic,M,Worcester  Massachusetts  US,455 Schultz Tunnel Unit 7,Pittsfield,Massachusetts,Berkshire County,25003,1201,42.42,-73.31,22152.18,227498.46,5736
d552bc66-3eed-9e16-c327-bb8ad5fc8f22,1971-08-08,1995-04-01,999-99-9302,S99949574,X18066340X,Ms.,Sue,Sue491,Karma,Karma832,Kunde,Kunde533,,,,asian,nonhispanic,F,Concord  Massachusetts  US,336 Dickens Center Apt 46,Somerville,Massachusetts,Middlesex County,25017,2144,42.40,-71.06,213873.50,3436.14,99953
519b2f54-73d6-d05c-979e-4c81980a35b6,1986-01-15,,999-37-5571,S99935297,X51045526X,Mrs.,Cassaundra,Cassaundra447,Tamatha,Tamatha836,Mohr,Mohr916,,Kutch271,M,white,nonhispanic,F,Grafton  Massachusetts  US,293 Willms Gardens Apt 95,Fitchburg,Massachusetts,Worcester County,25027,1420,42.60,-71.84,243099.80,563842.90,60349
37e8bf3b-c1f5-4cd9-8f36-df1a9686ddc1,1978-10-02,,999-92-6611,S99962916,X84005033X,Mr.,Edwin,Edwin773,Charley,Charley358,Kerluke,Kerluke267,,,M,white,nonhispanic,M,Boston  Massachusetts  US,976 Graham Brook Apt 39,Cambridge,Massachusetts,Middlesex County,25017,2139,42.42,-71.10,102370.76,35403.71,42854
e4d79ec8-bb2f-b4d3-f549-52f78695eb20,2000-09-25,,999-98-9274,S99914336,X38001857X,Mr.,Derick,Derick144,Anibal,Anibal473,Rath,Rath779,,,,asian,nonhispanic,M,Cantho  Cần Thơ  VN,1091 Reichel Harbor,Boston,Massachusetts,Suffolk County,25025,2135,42.38,-71.08,96546.11,32316.40,134868
32cc7738-283b-1bcb-673c-95e6f2e08243,1983-05-19,,999-23-9999,S99922124,X12246047X,Mrs.,Dbora,Débora815,,,Sandoval,Sandoval902,,Leyva523,M,white,hispanic,F,Santo Domingo  National District  DO,896 Becker Well,Springfield,Massachusetts,Hampden County,25013,1103,42.10,-72.52,126752.55,330530.09,24137
5441295d-d5de-6eca-2cb3-8ac957f57184,1971-08-08,,999-99-6310,S99922713,X81197866X,Mrs.,Julian,Julian715,Kathrine,Kathrine376,Hickle,Hickle134,,Robel940,M,asian,nonhispanic,F,Woburn  Massachusetts  US,549 Rohan Crossing Unit 34,Somerville,Massachusetts,Middlesex County,25017,2138,42.43,-71.11,921010.79,522635.96,99953
f22b8da6-2fc7-3e44-c67e-5dfcdc95b328,1956-01-18,,999-75-3270,S99915727,X65307879X,Ms.,Rena,Rena430,Christopher,Christopher407,Jacobi,Jacobi462,,,S,black,nonhispanic,F,Southborough  Massachusetts  US,315 Harber Rest,Boston,Massachusetts,Suffolk County,25025,2210,42.36,-71.11,452813.49,825948.05,121948
e02da8c5-f570-012d-a26d-9c9bda60e4b4,1966-11-04,,999-70-4697,S99961037,X72416912X,Mr.,Sal,Sal878,Mickey,Mickey576,Rippin,Rippin620,,,M,black,nonhispanic,M,Natick  Massachusetts  US,430 Rosenbaum Throughway,Westford,Massachusetts,Middlesex County,,0,42.55,-71.45,171496.01,18662.04,73430
d0e02a1c-d2dd-136a-b1fb-5d29fc4aa89b,1946-12-04,2004-03-04,999-39-7314,S99953988,X27246497X,Mr.,Stanton,Stanton715,Moshe,Moshe758,Beier,Beier427,,,S,white,nonhispanic,M,Malden  Massachusetts  US,814 Cartwright Stravenue Unit 40,Mashpee,Massachusetts,Barnstable County,,0,41.60,-70.45,96792.43,69629.23,94
21b06346-d3a6-7426-f4c4-88f2efb60bed,1992-08-31,,999-89-7711,S99997317,X68407023X,Mrs.,Miss,Miss492,Tish,Tish18,Renner,Renner328,PhD,Sporer811,M,black,nonhispanic,F,West Springfield  Massachusetts  US,970 Collier Village Suite 98,Newton,Massachusetts,Middlesex County,25017,2462,42.37,-71.22,133934.47,841466.58,463839
15b24c69-a3c5-ad1a-f94c-14f3630ef974,1960-01-07,,999-70-2249,S99941954,X2215403X,Mrs.,Evelin,Evelin941,Milagros,Milagros256,Bogisich,Bogisich202,MD,Lang846,D,white,nonhispanic,F,Swampscott  Massachusetts  US,759 Bednar Quay,Leicester,Massachusetts,Worcester County,,0,42.25,-71.95,288512.14,846175.28,33420
909fc7dd-29b4-8489-352b-0dfb33194ebc,1946-12-04,2002-09-11,999-92-7384,S99943039,X82328515X,Mr.,Jacinto,Jacinto644,Gus,Gus973,Blick,Blick895,,,D,white,nonhispanic,M,Maynard  Massachusetts  US,941 Christiansen Flat Suite 66,Mashpee,Massachusetts,Barnstable County,,0,41.58,-70.49,228189.82,97106.05,94
6838a64c-1662-8907-6102-6d7808bf2317,2007-12-07,,999-79-6243,S99989486,,,Malorie,Malorie969,Moriah,Moriah648,Dickinson,Dickinson688,,,,white,nonhispanic,F,Canton  Massachusetts  US,467 Lemke Viaduct,Concord,Massachusetts,Middlesex County,,0,42.43,-71.39,48621.04,19307.07,31461
fb478ab1-d2d9-5fe8-e0c4-1d2ecee443b8,1946-12-04,,999-53-4346,S99951486,X74380986X,Mr.,Sammy,Sammy219,Adan,Adan632,Jenkins,Jenkins714,,,M,white,nonhispanic,M,Norton  Massachusetts  US,929 Dicki Throughway Apt 89,Mashpee,Massachusetts,Barnstable County,,0,41.65,-70.46,115727.98,132365.89,94
699ecb01-8d42-1de3-b43e-895f9b1834d6,1962-04-04,,999-84-1394,S99976724,X79661768X,Mr.,Miles,Miles206,Nicholas,Nicholas495,Denesik,Denesik803,,,D,white,nonhispanic,M,East Longmeadow  Massachusetts  US,645 Feeney Corner Suite 14,Pittsfield,Massachusetts,Berkshire County,25003,1201,42.47,-73.29,327122.21,644608.84,138618
c545a770-7b56-237d-d7dd-93f05bf9191a,1991-05-30,,999-83-9787,S99919241,X45350365X,Mrs.,Kizzie,Kizzie166,Yu,Yu876,Bergstrom,Bergstrom287,,Hickle134,M,white,nonhispanic,F,Worcester  Massachusetts  US,127 Krajcik Arcade Unit 56,Leominster,Massachusetts,Worcester County,25027,1453,42.57,-71.86,173840.14,762922.70,88480
a3866d8b-808b-b351-857e-acba5c819cf7,1979-02-19,,999-18-5406,S99939781,X51451771X,Ms.,Herma,Herma433,Ardis,Ardis509,Walter,Walter473,,,S,white,nonhispanic,F,Boston  Massachusetts  US,639 Cartwright Crossing,Worcester,Massachusetts,Worcester County,25027,1609,42.31,-71.88,442436.18,474290.83,72371
d61fc9ea-a2e9-3c0c-e553-3a303ebfa956,2003-12-18,,999-59-8493,S99918476,X82227762X,Ms.,Elicia,Elicia233,Zetta,Zetta950,Kuhic,Kuhic920,,,,white,nonhispanic,F,Plymouth  Massachusetts  US,1010 Hoppe Bypass,Worcester,Massachusetts,Worcester County,25027,1545,42.32,-71.76,96224.81,48241.34,141806
e03512d2-c699-31b8-2772-2b5f99ffdaf0,1972-07-22,,999-89-8959,S99965344,X52775478X,Mrs.,Myrta,Myrta75,Randy,Randy380,Von,Von197,,Jaskolski867,M,asian,nonhispanic,F,Busan  Busan  KR,727 Swift Forge,Sudbury,Massachusetts,Middlesex County,,0,42.38,-71.38,680889.29,683952.32,88867
1f7029ab-5c59-1dd6-4608-379a44503a7e,2024-03-21,,999-77-6289,,,,Lorrine,Lorrine765,France,France571,Kunde,Kunde533,,,,white,nonhispanic,F,Newbury  Massachusetts  US,140 Torp Plaza Apt 13,Braintree,Massachusetts,Norfolk County,25021,2184,42.20,-71.03,4693.90,0.00,87380
5bc6b903-8fcd-c8ea-8be6-bf2351e1f78a,1936-11-10,,999-99-2398,S99969098,X73952059X,Mr.,Marlon,Marlon619,,,Quitzon,Quitzon246,,,M,white,hispanic,M,Northampton  Massachusetts  US,686 Schaden Rest,Holyoke,Massachusetts,Hampden County,25013,1040,42.23,-72.61,188478.80,389463.36,156734
488bff1c-ccdc-f85f-a347-8bddf6c33568,1955-09-01,2020-12-24,999-62-2858,S99998018,X82422097X,Mr.,Lupe,Lupe126,Jared,Jared66,Williamson,Williamson769,,,M,white,nonhispanic,M,Everett  Massachusetts  US,386 Kulas Run,Saugus,Massachusetts,Essex County,25009,1906,42.46,-70.97,250923.73,408311.03,132251
c4c4909f-e436-536b-e4d9-e69009de73fd,1939-07-27,,999-81-7679,S99917732,X31843064X,Mr.,Theodore,Theodore876,Parker,Parker433,Denesik,Denesik803,,,M,asian,nonhispanic,M,Uxbridge  Massachusetts  US,1036 Farrell Divide,Somerville,Massachusetts,Middlesex County,25017,2144,42.46,-71.14,101727.83,254193.46,484804
491dd911-713e-05f2-b4a1-decaef39c3ae,2004-09-22,,999-31-4873,S99998374,X38711945X,Mr.,Ken,Ken316,Ernie,Ernie189,Ebert,Ebert178,,,,white,nonhispanic,M,Natick  Massachusetts  US,659 Brakus Park Apt 64,Amesbury,Massachusetts,Essex County,25009,1913,42.87,-70.93,84702.57,558218.35,104340
f2691c9a-1a27-1bbf-51b5-c85830bd18f2,1996-04-11,,999-81-6089,S99926101,X4662260X,Mr.,Hollis,Hollis7,Rick,Rick943,Gaylord,Gaylord332,,,S,asian,nonhispanic,M,Hong Kong  Hong Kong Special Administrative Region  CN,437 Hammes Mall,Dracut,Massachusetts,Middlesex County,,0,42.70,-71.28,70823.31,21409.75,128911
404b90e6-0a96-99d2-fe3a-95927fa6e09a,2005-05-14,,999-99-8535,S99997427,,Ms.,Kazuko,Kazuko67,Deanna,Deanna833,Mertz,Mertz280,,,,white,nonhispanic,F,Canton  Massachusetts  US,235 Boyle Dam,Springfield,Massachusetts,Hampden County,25013,1109,42.08,-72.47,4824.91,202825.44,1948
d9ef5d3d-5f65-92fa-fede-c5aa4d2f125b,1965-04-21,,999-17-4766,S99979641,X33962521X,Mrs.,Leonie,Leonie332,Trinh,Trinh357,Ruecker,Ruecker817,,Wuckert783,M,white,nonhispanic,F,Rockport  Massachusetts  US,309 Abshire Spur Unit 13,Agawam,Massachusetts,Hampden County,25013,1001,42.11,-72.71,403853.02,200012.32,56921
0f513626-2d46-1178-db47-491008ec76a3,1963-06-12,,999-90-4219,S99923265,X6469305X,Mr.,Lucio,Lucio648,Melvin,Melvin857,Hermann,Hermann103,,,M,white,nonhispanic,M,Boston  Massachusetts  US,530 Rohan Loaf,Lenox,Massachusetts,Berkshire County,25003,1240,42.37,-73.23,162933.39,1011678.60,90668
f201fb88-915e-406b-4de5-ae097a3270f9,1955-09-01,,999-46-7041,S99966958,X76014613X,Mr.,Stuart,Stuart913,Arnold,Arnold338,Konopelski,Konopelski743,,,D,white,nonhispanic,M,Granby  Massachusetts  US,1071 Yundt Approach,Saugus,Massachusetts,Essex County,25009,1906,42.50,-71.02,70634.48,211547.59,132251
25f8de45-8c01-1404-2de3-3ff28059fffd,2000-01-31,,999-21-6585,S99988897,X56020168X,Ms.,Marylynn,Marylynn944,,,Quitzon,Quitzon246,,,,white,nonhispanic,F,Medford  Massachusetts  US,754 Hackett Course,Brockton,Massachusetts,Plymouth County,25023,2302,42.11,-71.02,67862.86,174029.69,92679
3c0acc7b-7f6e-f130-a86e-99fc3ff1a620,1969-09-29,,999-90-4025,S99989377,X63878948X,Mr.,Filiberto,Filiberto722,Hyman,Hyman89,Raynor,Raynor401,,,M,white,nonhispanic,M,Burlington  Massachusetts  US,882 Larkin Landing,Amesbury,Massachusetts,Essex County,25009,1913,42.84,-70.99,151755.61,26494.48,166788
b4cad395-ed6d-6de4-aa9d-c5a9d6dda1e2,2011-07-17,,999-61-1480,,,,Terese,Terese90,Tai,Tai836,Bernier,Bernier607,,,,white,nonhispanic,F,West Boylston  Massachusetts  US,908 Waters Port,Leominster,Massachusetts,Worcester County,25027,1420,42.63,-71.80,14716.01,154845.98,66584
fca67b2e-5a90-b3df-0a00-15564834e477,1956-01-14,,999-90-8496,S99969033,X15319792X,Mr.,Cliff,Cliff504,,,Flatley,Flatley871,,,M,white,nonhispanic,M,Cambridge  Massachusetts  US,228 Nitzsche Mews,South Hadley,Massachusetts,Hampshire County,,0,42.29,-72.58,171005.17,199900.40,69680
d45d6e91-94e0-fa36-ca99-0693baf517d6,1962-07-19,,999-79-6400,S99939105,X34863257X,Mr.,Ezra,Ezra452,,,Champlin,Champlin946,,,W,asian,nonhispanic,M,Seoul  Seoul  KR,406 Veum Loaf Suite 22,Tyngsborough,Massachusetts,Middlesex County,,0,42.65,-71.40,102151.20,142973.49,163851
f7c82992-b397-769e-052a-573eb5607bd8,1979-08-14,,999-91-8704,S99914733,X2131710X,Ms.,Allene,Allene83,Alita,Alita891,Rau,Rau926,,,S,white,nonhispanic,F,Andover  Massachusetts  US,349 Kihn Viaduct Apt 99,Lynn,Massachusetts,Essex County,25009,1902,42.46,-70.90,150109.16,310897.05,141414
d3787410-0c1e-0073-c4a4-7b95aa2ca78d,1968-09-29,2023-02-10,999-28-7911,S99993509,X47035935X,Mrs.,Velda,Velda682,,,Goodwin,Goodwin327,,Koch169,D,black,hispanic,F,Bourne  Massachusetts  US,1001 Abernathy Mill,Haverhill,Massachusetts,Essex County,25009,1832,42.83,-71.10,217189.62,136035.41,91609
1fa0abd8-05eb-1d9c-bd15-9ae7d591c713,1959-12-19,,999-29-1359,S99995331,X25937721X,Mr.,Ezra,Ezra452,Carol,Carol737,Rosenbaum,Rosenbaum794,,,M,asian,nonhispanic,M,Somerville  Massachusetts  US,693 Ratke Underpass Unit 6,Woburn,Massachusetts,Middlesex County,25017,1890,42.46,-71.14,346623.77,33265.71,105618
d6ee102f-866f-ec6f-17df-015631c71de9,1951-12-07,,999-61-9220,S99919793,X86592562X,Mrs.,Rudy,Rudy520,Fumiko,Fumiko79,Lang,Lang846,,Pollich983,M,white,nonhispanic,F,Middleborough  Massachusetts  US,679 Sauer Tunnel,Middleborough,Massachusetts,Plymouth County,,0,41.91,-70.89,335420.18,792666.06,124537
2da6a59b-d1be-b5a2-5e70-48c7db89a7c0,2004-10-30,,999-15-1566,S99931760,X12328076X,Mr.,Caleb,Caleb651,Roosevelt,Roosevelt595,Fay,Fay398,,,,white,nonhispanic,M,Burlington  Massachusetts  US,363 Thiel Rue,Provincetown,Massachusetts,Barnstable County,25001,2657,42.03,-70.15,133642.48,956904.88,27957
f446ac76-8201-2f00-2c70-b234bcd6f5d6,1968-09-29,,999-77-6042,S99957251,X12550024X,Mrs.,Tova,Tova870,Waltraud,Waltraud488,Emmerich,Emmerich580,,Franecki195,D,black,hispanic,F,Haverhill  Massachusetts  US,821 Wolff View,Haverhill,Massachusetts,Essex County,25009,1835,42.78,-71.04,549462.70,186237.44,91609
4790ffeb-924e-cacc-3e3e-c752aee37827,2008-08-10,,999-30-2628,S99964526,,,Linwood,Linwood526,Randall,Randall756,Powlowski,Powlowski563,,,,white,nonhispanic,M,Duxbury  Massachusetts  US,929 Kirlin Parade Suite 82,Shrewsbury,Massachusetts,Worcester County,,0,42.32,-71.73,53700.04,0.00,40182
dbb59b5b-642e-c9b0-6787-12b69b4ff1f6,1924-12-03,2005-08-28,999-71-9216,S99920842,X35579448X,Ms.,Claris,Claris36,Vernia,Vernia453,Leffler,Leffler128,,,S,white,nonhispanic,F,Holbrook  Massachusetts  US,814 Koss Lane Unit 96,Southwick,Massachusetts,Hampden County,,0,42.07,-72.75,1015121.87,586874.80,43634
b36578e3-29e7-3496-5fa3-59bf52d8a372,1967-10-16,,999-42-7015,S99959347,X76172447X,Mr.,Arturo,Arturo47,,,Hegmann,Hegmann834,,,M,black,nonhispanic,M,Pittsfield  Massachusetts  US,584 O'Connell Bypass,Attleboro,Massachusetts,Bristol County,44007,2861,41.94,-71.29,360212.35,8661.34,115082
8fe2ee0f-27ae-37f8-987a-5126e89b827c,1984-10-03,,999-44-8862,S99970050,X25143870X,Mr.,Rick,Rick943,Tim,Tim88,Wisozk,Wisozk929,,,S,white,nonhispanic,M,Falmouth  Massachusetts  US,575 Aufderhar Dale,Brockton,Massachusetts,Plymouth County,25023,2301,42.05,-70.99,77427.87,6437.64,41733
42dae257-f944-0cd1-d7c4-9880a5b45c6d,1946-03-22,,999-67-2213,S99960033,X54431997X,Mr.,Tony,Tony646,,,Borer,Borer986,,,M,white,nonhispanic,M,Auburn  Massachusetts  US,515 VonRueden Underpass,Weymouth,Massachusetts,Norfolk County,25021,2188,42.20,-71.00,182990.48,194792.06,120938
b5fbf7b4-8c2c-52f5-d0af-d8de281ff9b4,2014-03-07,,999-48-6201,,,,Arnoldo,Arnoldo445,,,Kemmer,Kemmer137,,,,black,nonhispanic,M,Plymouth  Massachusetts  US,737 Franecki Gardens Unit 26,Rockland,Massachusetts,Plymouth County,,0,42.08,-70.88,11456.63,23710.04,38688
eaf8a2c8-3e09-dfe5-a828-c139e78b48df,1998-07-27,,999-65-6455,S99911356,X11893367X,Mr.,Riley,Riley817,Kasey,Kasey569,Abbott,Abbott774,,,,white,nonhispanic,M,Hingham  Massachusetts  US,352 Herman Rue Apt 26,North Adams,Massachusetts,Berkshire County,25003,1247,42.69,-73.13,55382.94,29477.96,34506
a8deb6f1-c1da-b680-8dd2-e12b89fa7721,1982-03-31,,999-66-9867,S99915414,X12079976X,Ms.,Dulce,Dulce933,,,Stokes,Stokes453,,,S,white,nonhispanic,F,Somerville  Massachusetts  US,907 Botsford Key Unit 33,Cheshire,Massachusetts,Berkshire County,25003,1225,42.53,-73.20,293270.92,119254.77,51609
f7af6f8a-3a9a-b607-5a63-af75e9effba1,2007-01-25,,999-96-7058,S99918066,,Ms.,Violette,Violette536,Yasuko,Yasuko490,Hessel,Hessel84,,,,white,nonhispanic,F,Cambridge  Massachusetts  US,225 Yundt Street Suite 66,Taunton,Massachusetts,Bristol County,25005,2780,41.90,-71.14,62107.59,13430.11,136330
5aa0741b-eea4-5450-9a16-c25f355931c8,1958-03-30,,999-45-8862,S99943731,X37590147X,Ms.,Madison,Madison727,Shawnta,Shawnta32,Feeney,Feeney44,,,S,white,nonhispanic,F,Southbridge  Massachusetts  US,107 Russel Forge Apt 21,Norton,Massachusetts,Bristol County,,0,41.92,-71.17,18444.04,1107783.98,22488
94e97d9b-e77d-ccd3-a24c-c6c5c0750e40,2013-07-29,,999-17-5296,,,,Rosa,Rosa195,Berta,Berta524,Sanabria,Sanabria449,,,,white,hispanic,F,San Juan  Puerto Rico  PR,100 Bahringer Dale Suite 56,Beverly,Massachusetts,Essex County,25009,1915,42.55,-70.86,4794.10,39893.73,145192
e1051b07-ee28-4912-1559-a5811890cf1f,1988-03-04,,999-68-8876,S99923538,X27342947X,Mrs.,Noreen,Noreen211,Floretta,Floretta117,MacGyver,MacGyver246,,Schoen8,M,white,nonhispanic,F,Harvard  Massachusetts  US,689 Kreiger Junction Apt 2,Dighton,Massachusetts,Bristol County,,0,41.82,-71.14,210887.02,690367.91,73337
ddbe98a8-6d73-0701-6624-0de91527b42f,1956-01-26,,999-33-6189,S99928603,X80349524X,Mrs.,Beckie,Beckie79,,,Hilpert,Hilpert278,,Goldner995,M,white,nonhispanic,F,Boston  Massachusetts  US,521 Heathcote Ville,Tyngsborough,Massachusetts,Middlesex County,,0,42.70,-71.40,209326.04,953153.71,561932
f1db38b3-1c14-e6d3-289d-368d715a67a0,2005-04-07,,999-61-8392,S99912339,X17730800X,Mr.,Jospeh,Jospeh459,Courtney,Courtney281,Raynor,Raynor401,,,,white,nonhispanic,M,Boston  Massachusetts  US,1010 Gutkowski Gardens Unit 51,Milford,Massachusetts,Worcester County,25027,1757,42.14,-71.57,59819.31,69397.38,798987
b2efcded-9bec-87b3-9067-ecd325b30a3a,1979-08-16,,999-17-5136,S99964440,X45961086X,Mrs.,Machelle,Machelle279,Artie,Artie871,Little,Little434,,Denesik803,W,white,nonhispanic,F,Fall River  Massachusetts  US,270 Bergstrom Way Suite 2,Stoneham,Massachusetts,Middlesex County,25017,2180,42.52,-71.07,280191.37,44111.18,60987
7c69afcb-9c08-0167-5f8e-fcfe43af5840,1968-05-25,,999-61-4416,S99919334,X83123296X,Mr.,Ernesto,Ernesto186,Denny,Denny560,Anderson,Anderson154,,,M,white,nonhispanic,M,Beverly  Massachusetts  US,855 Kessler Parade Apt 7,North Attleborough,Massachusetts,Bristol County,,0,42.01,-71.36,136735.99,0.00,102141
cea9d2be-5954-5d19-7b09-3fe15d5ba1b1,1956-11-02,,999-11-5232,S99969900,X66278198X,Ms.,Velva,Velva240,Kandi,Kandi717,Green,Green467,,,S,white,nonhispanic,F,Revere  Massachusetts  US,129 Cummings Knoll,Westborough,Massachusetts,Worcester County,25027,1581,42.26,-71.61,181569.80,885859.93,128111
20f9774d-853f-67d7-b6b1-c08d6fddc9c0,1991-06-22,,999-41-3114,S99999045,X22166982X,Mr.,Samuel,Samuel331,Shad,Shad704,Jakubowski,Jakubowski832,,,S,other,nonhispanic,M,Taunton  Massachusetts  US,463 O'Keefe Center Suite 35,Revere,Massachusetts,Suffolk County,25025,2151,42.42,-71.02,5866.96,117164.87,1277
8ef0b4e7-33db-bfa3-6c37-0219bb2cf571,1986-04-12,,999-74-7573,S99910592,X12320477X,Mrs.,Gertrude,Gertrude228,Fredricka,Fredricka415,Considine,Considine820,,Kiehn525,M,white,nonhispanic,F,Boston  Massachusetts  US,696 Hilll Light,Revere,Massachusetts,Suffolk County,25025,2151,42.47,-70.96,528733.60,978458.34,55478
1871d3bf-072c-aabf-d872-d5355a5196be,1948-10-08,1984-03-17,999-41-4893,S99928754,X72100769X,Mr.,Francisco,Francisco472,,,Quintana,Quintana711,,,D,white,hispanic,M,San Jose  San Jose  CR,131 Green Street Suite 60,Boston,Massachusetts,Suffolk County,25025,2121,42.34,-71.06,7039.42,183802.47,971
e6891d90-3830-8c3c-5d61-142cf5431658,1934-07-02,,999-44-8840,S99951531,X73280076X,Mr.,Elbert,Elbert916,Archie,Archie818,Kris,Kris249,,,M,white,nonhispanic,M,Boston  Massachusetts  US,820 Collier Course Suite 70,Lunenburg,Massachusetts,Worcester County,25027,1462,42.61,-71.68,25198.36,850451.54,20613
983b907a-20ab-06cb-48b8-acd879435fff,1948-10-08,2003-08-29,999-25-6757,S99958009,X47420501X,Mr.,Carlos,Carlos172,Lorenzo,Lorenzo669,Amador,Amador986,,,M,white,hispanic,M,Salisbury  Saint Joseph Parish  DM,311 Ryan Ville Apt 58,Boston,Massachusetts,Suffolk County,25025,2108,42.33,-71.07,12138.95,292366.03,971
54ae922b-fb93-8393-8a0d-f5fb888dd04c,1996-12-17,,999-85-2710,S99979008,X14775463X,Mrs.,Kate,Kate239,Bertie,Bertie593,Dickens,Dickens475,,Daugherty69,M,white,nonhispanic,F,Holyoke  Massachusetts  US,483 Simonis Green Unit 20,Holyoke,Massachusetts,Hampden County,25013,1040,42.21,-72.66,118555.69,246005.44,36317
be29325d-7e97-ac8b-4bb6-935099a7fede,1999-04-23,,999-42-1336,S99919716,X37986855X,Ms.,Keila,Keila316,Talitha,Talitha643,Hegmann,Hegmann834,,,,white,hispanic,F,Holden  Massachusetts  US,586 Jacobs Key,Hanson,Massachusetts,Plymouth County,25023,2341,42.03,-70.85,27369.50,228141.37,89290
30560261-36c5-3b57-9522-29ecb1a1aefb,1964-01-06,,999-66-5883,S99932260,X66467055X,Mrs.,Jutta,Jutta270,Alba,Alba338,OConner,O'Conner199,,Hagenes547,M,white,nonhispanic,F,Methuen  Massachusetts  US,1007 Nolan Haven,Hinsdale,Massachusetts,Berkshire County,,0,42.48,-73.07,708292.26,8278.73,114701
ddcb1f2d-4d4f-071c-6af0-b0ae8814e11d,1984-04-26,,999-95-4105,S99954102,X66569505X,Mrs.,Kizzie,Kizzie166,Maribel,Maribel82,Dickinson,Dickinson688,,Buckridge80,M,white,nonhispanic,F,Waltham  Massachusetts  US,230 Bechtelar Viaduct,Lawrence,Massachusetts,Essex County,25009,1841,42.76,-71.19,209741.42,456132.40,123730
5881de87-7675-2acf-1447-29642979c749,1948-10-08,2017-02-16,999-63-8055,S99938472,X207920X,Mr.,Gilberto,Gilberto712,Julio,Julio255,deAnda,de Anda129,,,S,white,hispanic,M,Lima  Lima Province  PE,308 Bartell Arcade,Boston,Massachusetts,Suffolk County,25025,2111,42.33,-71.10,40637.70,855806.67,971
557a8799-1fca-b6a2-532c-9021b49e863d,1924-12-03,2000-07-06,999-90-6640,S99941978,X61993955X,Mrs.,Daryl,Daryl568,Lannie,Lannie207,Lehner,Lehner980,,Bins636,D,white,nonhispanic,F,Acushnet  Massachusetts  US,704 Witting Ville Suite 72,Southwick,Massachusetts,Hampden County,,0,42.05,-72.82,605312.58,593357.01,43634
3c1c2272-344d-eb8a-0ee6-9f4da2db2f2d,1990-12-11,,999-99-8396,S99915803,X71835398X,Mr.,Lane,Lane844,Roger,Roger751,Nicolas,Nicolas769,,,M,asian,nonhispanic,M,Methuen  Massachusetts  US,665 Rohan Extension,Lowell,Massachusetts,Middlesex County,25017,1854,42.66,-71.32,65765.98,5269.81,89319
84f0577b-23f9-4c60-75ed-0d2c51e5c099,1984-09-30,,999-23-3896,S99929762,X28191553X,Mr.,Darius,Darius626,Benny,Benny518,Paucek,Paucek755,,,S,white,nonhispanic,M,Agawam  Massachusetts  US,607 Gerhold Loaf,Rehoboth,Massachusetts,Bristol County,,0,41.86,-71.23,61894.30,6193.29,162905
737d7d4c-7a48-798c-a4a8-2d075c15236e,1948-10-08,2020-02-23,999-58-9738,S99931664,X12731673X,Mr.,Benjamn,Benjamín452,,,Ayala,Ayala238,,,S,white,hispanic,M,San Juan  Puerto Rico  PR,105 Auer Route,Boston,Massachusetts,Suffolk County,25025,2122,42.37,-71.06,35990.43,232466.57,971
e8eb65df-8551-27e0-688d-a13ec16177b3,1971-09-26,,999-27-1460,S99964022,X50859114X,Mrs.,Betty,Betty470,Carroll,Carroll471,Cole,Cole117,,Parker433,M,white,nonhispanic,F,Marblehead  Massachusetts  US,807 Kemmer Plaza Suite 57,Lawrence,Massachusetts,Essex County,25009,1840,42.71,-71.19,141360.99,671712.28,722
27b5b9d1-c7a5-1391-ffc3-f804259f06f8,1924-12-03,1998-09-08,999-77-8863,S99984979,X4321021X,Mrs.,Anna,Anna632,Carmelina,Carmelina668,Ferry,Ferry570,,Eichmann909,M,white,nonhispanic,F,Dracut  Massachusetts  US,402 Kohler Terrace Apt 72,Southwick,Massachusetts,Hampden County,,0,42.06,-72.78,822013.41,499521.13,43634
f9c80336-9353-c5f7-21ad-d436800f604c,1961-02-06,,999-18-1427,S99983079,X29624635X,Mr.,Claude,Claude750,Marcelo,Marcelo725,Kilback,Kilback373,,,W,white,nonhispanic,M,Hamilton  Massachusetts  US,335 Cassin Landing,North Adams,Massachusetts,Berkshire County,25003,1247,42.71,-73.13,114611.19,396574.47,146175
7c2f5a19-087b-8b19-1070-800857d62e92,1948-10-08,,999-61-1647,S99941818,X33939021X,Mr.,Andrs,Andrés117,Mario,Mario764,Prieto,Prieto999,,,M,white,hispanic,M,Mexico City  Mexico City  MX,787 Hand Ville,Boston,Massachusetts,Suffolk County,25025,2163,42.28,-71.05,18244.65,368354.58,971
9c57cb28-f025-eb5d-5018-749693f1cd46,1924-12-03,2007-06-29,999-84-8872,S99913939,X5913983X,Ms.,Imelda,Imelda608,Takisha,Takisha161,Hagenes,Hagenes547,,,S,white,nonhispanic,F,Mashpee  Massachusetts  US,194 Nikolaus Knoll Apt 18,Southwick,Massachusetts,Hampden County,,0,42.08,-72.73,800571.93,427396.43,43634
0a5d638e-aeb9-5daf-ccfe-3fa63849546c,1995-11-14,,999-46-1479,S99982868,X42398451X,Ms.,Delena,Delena885,Virgina,Virgina372,Schmidt,Schmidt332,,,S,asian,nonhispanic,F,Worcester  Massachusetts  US,1071 Steuber Approach,Boston,Massachusetts,Suffolk County,25025,2116,42.38,-71.04,157024.97,809302.43,157754
0859da6e-2508-d245-e483-b698cab1e7a4,1975-09-27,,999-42-9960,S99955248,X5417121X,Mr.,Glenn,Glenn0,Leon,Leon728,Larson,Larson43,,,M,white,nonhispanic,M,Blackstone  Massachusetts  US,134 Lang Vista,Holyoke,Massachusetts,Hampden County,25013,1040,42.17,-72.63,9906.65,266364.55,5058
08ae06c3-a18b-9352-d94b-97eeb6a443e8,2006-08-11,2007-09-10,999-11-4598,,,,Jonnie,Jonnie215,Dione,Dione665,Hamill,Hamill307,,,,white,nonhispanic,F,Raynham  Massachusetts  US,818 Beahan Vale,Barre,Massachusetts,Worcester County,25027,1005,42.43,-72.10,5540.19,1592.80,55360
1145df21-dfa3-c969-48b8-656ee8521676,2006-08-11,,999-75-1648,S99938428,,Ms.,Indira,Indira327,,,Crist,Crist667,,,,white,nonhispanic,F,Lawrence  Massachusetts  US,632 Moore Loaf Apt 74,Barre,Massachusetts,Worcester County,25027,1005,42.41,-72.15,36530.02,47950.77,55360
84cdaec9-bfc7-1957-f84d-0dd728d73d8d,1979-09-19,,999-88-7469,S99965499,X39789263X,Mr.,Trevor,Trevor374,Raleigh,Raleigh478,Beahan,Beahan375,,,M,white,nonhispanic,M,Sandwich  Massachusetts  US,162 Heaney Bypass,Springfield,Massachusetts,Hampden County,25013,1020,42.10,-72.57,237176.04,448666.34,2297
00df57ef-f14a-d64f-1363-ea5addcd65a1,1956-12-31,,999-57-9649,S99910317,X3473665X,Mrs.,Nellie,Nellie325,Emilee,Emilee283,Herman,Herman763,,Mayer370,M,black,nonhispanic,F,Winthrop  Massachusetts  US,179 Gulgowski Quay Apt 62,Bedford,Massachusetts,Middlesex County,25017,1730,42.52,-71.28,170357.56,684207.19,884118
46f3b98b-1e93-56e9-e70f-3fa1aec1a948,2017-06-24,,999-91-4773,,,,Micheal,Micheal721,Herb,Herb645,Goodwin,Goodwin327,,,,white,nonhispanic,M,Canton  Massachusetts  US,626 Johns Viaduct,Sharon,Massachusetts,Norfolk County,25021,2067,42.15,-71.21,14751.09,8862.54,68467
0eaf6788-c012-5815-774e-b67fd1f48fb2,2018-04-22,,999-42-3638,,,,Branden,Branden904,,,Hermann,Hermann103,,,,white,nonhispanic,M,Monson  Massachusetts  US,974 Lebsack Camp,Reading,Massachusetts,Middlesex County,25017,1801,42.56,-71.06,12103.26,14003.57,127672
0ae6ab8b-ef46-2eba-eb82-8c62699fa566,1960-06-12,,999-48-4001,S99956102,X62300870X,Mrs.,Millicent,Millicent213,,,Rowe,Rowe323,PhD,Gusikowski974,M,white,nonhispanic,F,Methuen  Massachusetts  US,173 Christiansen Parade,Townsend,Massachusetts,Middlesex County,25017,1469,42.70,-71.71,784041.99,163662.54,84276
9fc439e6-90a2-030e-f7c4-156f566612e9,2001-09-27,,999-89-3953,S99910065,X3436044X,Mr.,Julio,Julio255,Gregg,Gregg522,Buckridge,Buckridge80,,,,white,nonhispanic,M,Boston  Massachusetts  US,950 Macejkovic Highlands Apt 9,Framingham,Massachusetts,Middlesex County,25017,1702,42.24,-71.47,69171.60,0.00,50254
233cde08-3799-aa2f-1256-a9f03660622f,2011-01-04,,999-69-8187,,,,Junko,Junko239,,,Osinski,Osinski784,,,,white,nonhispanic,F,Boston  Massachusetts  US,827 Howe Ramp Unit 28,Malden,Massachusetts,Middlesex County,25017,2155,42.41,-71.01,2440.41,40111.33,15162
c436b070-c8dd-a91c-904d-58818b55fcb8,1927-12-13,,999-75-9564,S99910653,X61189671X,Mr.,Ismael,Ismael683,Delmar,Delmar187,Nader,Nader710,,,S,white,nonhispanic,M,Amherst Center  Massachusetts  US,247 Gaylord Annex,Yarmouth,Massachusetts,Barnstable County,,0,41.68,-70.22,234035.10,724604.88,188978
d78f1b4a-1ba4-b03e-6a0a-9014ca4ae8a2,1986-10-11,,999-64-2177,S99985085,X76355300X,Mr.,Rufus,Rufus33,Vernon,Vernon254,Kulas,Kulas532,,,D,white,nonhispanic,M,Medford  Massachusetts  US,683 Olson Avenue Apt 72,Millbury,Massachusetts,Worcester County,,0,42.14,-71.80,66142.52,7623.40,29264
af8125dd-1644-fa58-66a0-b97846e34b44,1924-12-03,2014-03-02,999-89-9526,S99934234,X23769414X,Mrs.,Renita,Renita685,Walter,Walter473,Lemke,Lemke654,,Ratke343,M,white,nonhispanic,F,Brockton  Massachusetts  US,1096 Langworth Harbor Suite 14,Southwick,Massachusetts,Hampden County,,0,42.01,-72.80,801650.23,1544812.04,43634
150b5304-db61-eb1f-60c4-f72f4045230e,1960-07-10,,999-90-1118,S99949017,X36222727X,Mrs.,Merna,Merna69,Gwenda,Gwenda518,Satterfield,Satterfield305,,VonRueden376,M,white,nonhispanic,F,Rome  Lazio  IT,427 Herman Fork Apt 34,Lunenburg,Massachusetts,Worcester County,25027,1462,42.54,-71.71,838666.82,305167.41,77761
9aa40676-f1c4-547f-b8b6-b480a7cd917b,1979-09-18,,999-70-3357,S99926636,X76172581X,Mr.,Marc,Marc757,Ozzie,Ozzie259,Weissnat,Weissnat378,,,S,white,nonhispanic,M,Lowell  Massachusetts  US,793 Stiedemann Boulevard,East Falmouth,Massachusetts,Barnstable County,25001,2536,41.63,-70.54,93619.85,243885.09,185108
eafa2b41-5031-0299-7af9-85c5557fcb34,1950-12-13,,999-37-6633,S99989529,X55990568X,Mrs.,Ariel,Ariel183,Vickie,Vickie113,Grimes,Grimes165,,O'Kon634,W,white,nonhispanic,F,North Attleborough  Massachusetts  US,1050 Lehner Route Suite 88,Wellesley,Massachusetts,Norfolk County,25021,2481,42.24,-71.27,20923.81,1669215.34,1790
8d62a79e-a134-1cad-9c9f-4e39c17473ea,1972-08-07,,999-77-1243,S99960420,X37083804X,Mr.,Garret,Garret233,Pedro,Pedro316,Konopelski,Konopelski743,,,M,white,nonhispanic,M,Newton  Massachusetts  US,673 Gorczany Burg Unit 2,Salisbury,Massachusetts,Essex County,25009,1952,42.88,-70.85,122465.26,62762.41,107998
5c0279c6-73ab-f684-a59f-196c3f7257e6,1976-09-21,,999-59-9932,S99927402,X28849747X,Mr.,Jesse,Jesse626,Kyle,Kyle55,Hayes,Hayes766,,,M,white,nonhispanic,M,Norwood  Massachusetts  US,306 Buckridge Neck Unit 38,Everett,Massachusetts,Middlesex County,25017,2149,42.40,-71.03,101194.22,52516.31,806060
0bab50a6-9f26-b095-a651-5704e621d436,1979-06-13,,999-81-6766,S99957535,X66868943X,Mrs.,Clarine,Clarine378,Sammie,Sammie902,Lakin,Lakin515,,Kerluke267,M,white,nonhispanic,F,Lynn  Massachusetts  US,219 Glover Station Unit 76,Kingston,Massachusetts,Plymouth County,25023,2364,42.03,-70.73,378336.59,494278.79,84675
bee78cc3-6072-13da-a480-59cb9e56ae53,1924-12-03,2013-12-22,999-58-5796,S99947554,X25593703X,Mrs.,Louie,Louie190,May,May125,Daniel,Daniel959,,Bednar518,W,white,nonhispanic,F,Taunton  Massachusetts  US,862 Douglas Well,Southwick,Massachusetts,Hampden County,,0,42.10,-72.78,681325.33,512889.57,43634
2abc4a87-ff28-5114-52f0-46fb3d83df71,1924-12-03,,999-10-2596,S99999152,X5255398X,Mrs.,Chieko,Chieko845,Logan,Logan497,Hauck,Hauck852,,Torphy630,M,white,nonhispanic,F,Newton  Massachusetts  US,859 Herzog Haven Apt 90,Southwick,Massachusetts,Hampden County,,0,42.08,-72.76,680674.47,857728.53,43634
